date,price_a,price_b,spread,zscore,position,quantity_a,quantity_b,daily_pnl,cumulative_pnl
2016-01-01,218.33,859.47,78.21270754479673,-0.7998433328267934,0.0,0.0,-0.0,0.0,0.0
2016-01-04,216.73,837.3,80.22702843293925,-0.5156126344138239,0.0,0.0,-0.0,0.0,0.0
2016-01-05,216.57,837.93,79.96432107346564,-0.5526819497850537,0.0,0.0,-0.0,-0.0,0.0
2016-01-06,210.07,824.57,75.6423692045249,-1.1625308598805293,0.0,0.0,-0.0,0.0,0.0
2016-01-07,206.4,804.27,75.28182856534104,-1.2134049377321383,0.0,0.0,-0.0,0.0,0.0
2016-01-08,209.1,786.07,80.94893006124511,-0.4137487232531527,0.0,0.0,-0.0,0.0,0.0
2016-01-11,210.7,782.23,83.17495587136993,-0.09964540713229599,0.0,0.0,-0.0,0.0,0.0
2016-01-12,210.1,786.1,81.94403923460351,-0.27333386829842465,0.0,0.0,-0.0,-0.0,0.0
2016-01-13,210.5,771.17,84.77804062657322,0.12655782705388255,0.0,0.0,-0.0,0.0,0.0
2016-01-14,211.5,756.43,88.18106678314611,0.6067417475474283,0.0,0.0,-0.0,0.0,0.0
2016-01-15,209.27,738.6,88.8578480838038,0.7022389560066815,0.0,0.0,-0.0,0.0,0.0
2016-01-18,210.27,722.37,92.5037852969095,1.21669883504138,0.0,0.0,-0.0,0.0,0.0
2016-01-19,209.37,748.63,87.32268170996215,0.4856193433195074,0.0,0.0,-0.0,-0.0,0.0
2016-01-20,205.97,744.07,84.66608735948536,0.11076066410863908,0.0,0.0,-0.0,0.0,0.0
2016-01-21,204.27,735.13,84.42355369868223,0.07653795798245841,0.0,0.0,-0.0,0.0,0.0
2016-01-22,205.83,761.47,81.68940790735728,-0.30926361534471386,0.0,0.0,-0.0,0.0,0.0
2016-01-25,206.27,742.77,85.1780231806214,0.18299735531343042,0.0,0.0,-0.0,0.0,0.0
2016-01-27,208.63,738.53,88.2292600126342,0.6135420519859174,0.0,0.0,-0.0,0.0,0.0
2016-01-28,212.37,716.33,95.58847172741832,1.6519634364709113,-1.0,-4709.0,228.0,-1000.0,-1000.0
2016-01-29,213.47,734.43,93.73767298698623,1.3908065266103613,-1.0,-4684.0,222.0,-1053.099999999994,-2053.099999999994
2016-02-01,216.5,748.03,94.55049824279415,1.5055002139498335,-1.0,-4619.0,218.0,-11173.32,-13226.419999999995
2016-02-02,216.17,747.93,94.23680099826615,1.461235972126557,-1.0,-4626.0,218.0,1502.4700000000528,-11723.949999999943
2016-02-03,214.63,739.2,94.12003155097179,1.4447592221940389,-1.0,-4659.0,221.0,5220.899999999983,-6503.049999999959
2016-02-04,214.53,757.13,91.0969474948421,1.0181870222566178,-1.0,-4661.0,215.0,4428.429999999962,-2074.619999999997
2016-02-05,215.97,759.93,92.08047034162608,1.1569669888905858,-1.0,-4630.0,215.0,-6109.839999999999,-8184.459999999996
2016-02-08,210.17,753.53,87.3238466918341,0.48578372805733766,0.0,0.0,-0.0,24478.000000000055,16293.540000000059
2016-02-09,208.27,742.8,87.1731323539798,0.46451718519351365,0.0,0.0,-0.0,0.0,16293.540000000059
2016-02-10,206.0,747.07,84.20700469532534,0.045981816293673976,0.0,0.0,-0.0,-0.0,16293.540000000059
2016-02-11,199.03,728.27,80.30192272406147,-0.5050446773429708,0.0,0.0,-0.0,0.0,16293.540000000059
2016-02-12,200.07,702.43,85.55455473802641,0.2361278312796702,0.0,0.0,-0.0,0.0,16293.540000000059
2016-02-15,202.47,766.27,77.54687564470125,-0.8937955263942683,0.0,0.0,-0.0,0.0,16293.540000000059
2016-02-16,197.0,736.0,77.01171972607581,-0.9693086888730656,0.0,0.0,-0.0,0.0,16293.540000000059
2016-02-17,199.9,748.3,77.90648080301976,-0.8430534495467057,0.0,0.0,-0.0,0.0,16293.540000000059
2016-02-18,203.63,766.43,78.68079123594605,-0.7337943953242013,0.0,0.0,-0.0,0.0,16293.540000000059
2016-02-19,203.03,767.0,77.98786552975564,-0.8315696597213329,0.0,0.0,-0.0,-0.0,16293.540000000059
2016-02-22,199.9,766.5,74.93937930711564,-1.26172623172724,0.0,0.0,-0.0,0.0,16293.540000000059
2016-02-23,195.87,753.43,73.04014944730613,-1.5297170134731466,1.0,5105.0,-216.0,-1000.0,15293.540000000059
2016-02-24,191.73,741.93,70.77496632658618,-1.8493456209236734,1.0,5216.0,-220.0,-18650.700000000073,-3357.1600000000144
2016-02-25,190.8,724.3,72.7191421162999,-1.5750127448656357,1.0,5241.0,-225.0,-972.2799999998888,-4329.439999999903
2016-02-26,193.97,740.43,73.2595076586662,-1.4987644785595147,1.0,5155.0,-220.0,12984.719999999936,8655.280000000032
2016-02-29,197.1,717.33,80.15544417269831,-0.5257135296601717,1.0,5074.0,-227.0,21217.149999999954,29872.429999999986
2016-03-01,216.9,749.3,94.74345324829976,1.5327271251634245,0.0,0.0,-0.0,92208.0100000001,122080.44000000009
2016-03-02,213.03,758.6,89.35729698940368,0.7727136813078482,0.0,0.0,-0.0,-0.0,122080.44000000009
2016-03-03,212.1,804.73,80.90683589016982,-0.41968842020723535,0.0,0.0,-0.0,-0.0,122080.44000000009
2016-03-04,210.13,795.47,80.44647104687706,-0.4846481898765741,0.0,0.0,-0.0,0.0,122080.44000000009
2016-03-08,213.5,791.63,84.44249685700191,0.07921093186216478,0.0,0.0,-0.0,0.0,122080.44000000009
2016-03-09,213.27,808.57,81.45081008004502,-0.3429309557848548,0.0,0.0,-0.0,-0.0,122080.44000000009
2016-03-10,210.73,790.77,81.81270055406111,-0.29186640952308907,0.0,0.0,-0.0,0.0,122080.44000000009
2016-03-11,214.2,790.43,85.3381299226659,0.2055892131350006,0.0,0.0,-0.0,0.0,122080.44000000009
2016-03-14,216.7,789.47,87.9946363751971,0.5804354895084604,0.0,0.0,-0.0,0.0,122080.44000000009
2016-03-15,211.0,787.17,82.66959975105314,-0.17095366981797144,0.0,0.0,-0.0,0.0,122080.44000000009
2016-03-16,214.7,788.8,86.10386483685951,0.31363821900175964,0.0,0.0,-0.0,0.0,122080.44000000009
2016-03-17,215.77,795.5,86.08158022023548,0.31049374873180413,0.0,0.0,-0.0,0.0,122080.44000000009
2016-03-18,216.5,799.53,86.15457917471386,0.3207942643730529,0.0,0.0,-0.0,0.0,122080.44000000009
2016-03-21,220.97,818.77,87.48792902190095,0.5089365611271139,0.0,0.0,-0.0,0.0,122080.44000000009
2016-03-22,215.43,824.87,80.95346093810892,-0.41310939398689484,0.0,0.0,-0.0,-0.0,122080.44000000009
2016-03-23,216.17,828.37,81.12286449658887,-0.38920570911531466,0.0,0.0,-0.0,0.0,122080.44000000009
2016-03-28,214.97,804.23,83.85834966752984,-0.0032151426610093226,0.0,0.0,-0.0,0.0,122080.44000000009
2016-03-29,213.33,795.97,83.5649572695171,-0.044614269625887076,0.0,0.0,-0.0,0.0,122080.44000000009
2016-03-30,218.23,818.7,84.75934095073131,0.12391920976309878,0.0,0.0,-0.0,0.0,122080.44000000009
2016-03-31,218.83,811.13,86.5934595399618,0.3827224673065942,0.0,0.0,-0.0,0.0,122080.44000000009
2016-04-01,224.03,825.27,89.48824991622092,0.7911917907627973,0.0,0.0,-0.0,0.0,122080.44000000009
2016-04-04,220.47,823.9,86.15159766618731,0.320373558687175,0.0,0.0,-0.0,0.0,122080.44000000009
2016-04-05,217.63,796.77,87.73453522574107,0.5437339233364106,0.0,0.0,-0.0,0.0,122080.44000000009
2016-04-06,217.27,807.9,85.56003854170743,0.23690162326057562,0.0,0.0,-0.0,-0.0,122080.44000000009
2016-04-07,212.97,788.6,84.40647034780352,0.07412741218507742,0.0,0.0,-0.0,0.0,122080.44000000009
2016-04-08,214.13,794.83,84.55080868189788,0.09449426919822919,0.0,0.0,-0.0,0.0,122080.44000000009
2016-04-11,218.17,808.9,86.2970109869874,0.34089210167248407,0.0,0.0,-0.0,0.0,122080.44000000009
2016-04-12,214.93,814.93,82.07395483202578,-0.2550021311817429,0.0,0.0,-0.0,-0.0,122080.44000000009
2016-04-13,220.83,823.27,86.61430502566094,0.3856638690434783,0.0,0.0,-0.0,0.0,122080.44000000009
2016-04-18,223.6,835.33,87.41819271573763,0.4990964213945517,0.0,0.0,-0.0,0.0,122080.44000000009
2016-04-20,223.67,843.97,86.07963464295679,0.31021921809867925,0.0,0.0,-0.0,0.0,122080.44000000009
2016-04-21,219.97,834.63,83.90231200404165,0.0029881617301497835,0.0,0.0,-0.0,0.0,122080.44000000009
2016-04-22,217.2,843.4,79.7025603491472,-0.5896176902264494,0.0,0.0,-0.0,-0.0,122080.44000000009
2016-04-25,213.97,843.67,76.42854290937282,-1.0515978389709892,0.0,0.0,-0.0,-0.0,122080.44000000009
2016-04-26,218.27,854.0,79.04446826911516,-0.6824777566779464,0.0,0.0,-0.0,0.0,122080.44000000009
2016-04-27,222.37,850.97,83.63844175991676,-0.03424524245063991,0.0,0.0,-0.0,0.0,122080.44000000009
2016-04-28,215.27,839.7,78.37576230161122,-0.7768354954550251,0.0,0.0,-0.0,0.0,122080.44000000009
2016-04-29,216.63,836.4,80.27375323218723,-0.5090195327875451,0.0,0.0,-0.0,0.0,122080.44000000009
2016-05-02,214.1,833.83,78.16273404781765,-0.8068948418649586,0.0,0.0,-0.0,0.0,122080.44000000009
2016-05-03,210.7,834.27,74.69100192374086,-1.2967735161803648,0.0,0.0,-0.0,-0.0,122080.44000000009
2016-05-04,208.43,831.2,72.92149651673128,-1.5464595322667312,1.0,4798.0,-196.0,-1000.0,121080.44000000009
2016-05-05,211.77,849.23,73.32210970512958,-1.489931018363023,1.0,4722.0,-192.0,12491.44000000002,133571.88000000012
2016-05-06,211.8,840.3,74.80794576877923,-1.2802721578585499,1.0,4721.0,-194.0,1856.2200000000175,135428.10000000015
2016-05-09,216.53,863.03,75.8323294499935,-1.1357265242068686,1.0,4618.0,-189.0,17920.70999999995,153348.8100000001
2016-05-10,215.67,880.03,72.20086101975338,-1.6481447859981195,1.0,4637.0,-185.0,-7184.480000000063,146164.33000000005
2016-05-11,212.0,885.17,67.69289938849258,-2.2842405989416377,1.0,4717.0,-184.0,-17968.68999999994,128195.6400000001
2016-05-12,212.13,877.4,69.089623488667,-2.0871558798088863,1.0,4714.0,-186.0,2042.8899999999753,130238.53000000007
2016-05-13,212.9,857.67,73.07615714329273,-1.524636148433838,1.0,4697.0,-190.0,7299.560000000052,137538.0900000001
2016-05-16,219.6,855.5,80.12992693703512,-0.5293141385585902,1.0,4554.0,-191.0,31882.19999999994,169420.29000000004
2016-05-17,220.33,860.73,80.0072928258495,-0.5466184217424301,1.0,4539.0,-189.0,2325.4900000000794,171745.78000000012
2016-05-18,221.8,873.23,79.43944839184945,-0.6267440963635098,1.0,4509.0,-187.0,4309.829999999995,176055.6100000001
2016-05-19,216.57,844.07,78.9633318874848,-0.6939265037734321,1.0,4617.0,-193.0,-18129.15000000009,157926.46000000002
2016-05-20,220.23,836.73,83.81995413912963,-0.008632942733165493,0.0,0.0,-0.0,17314.839999999993,175241.30000000002
2016-05-23,231.23,827.47,96.32958929583688,1.7565388123793524,-1.0,-4325.0,197.0,-1000.0,174241.30000000002
2016-05-24,232.03,828.1,97.02688193636328,1.8549302729364645,-1.0,-4310.0,197.0,-3335.8900000000503,170905.40999999997
2016-05-25,237.37,861.07,96.9918634572447,1.8499889913185137,-1.0,-4213.0,189.0,-16520.310000000012,154385.09999999998
2016-05-26,241.63,982.77,81.41141004782,-0.3484904963440241,0.0,0.0,-0.0,4053.9200000000237,158439.02
2016-05-27,239.53,983.27,79.22989627046002,-0.6563129431977212,0.0,0.0,-0.0,-0.0,158439.02
2016-05-30,237.67,991.4,76.04448225058636,-1.105790708598869,0.0,0.0,-0.0,-0.0,158439.02
2016-05-31,234.03,982.37,73.87662106970802,-1.4116867061683571,0.0,0.0,-0.0,0.0,158439.02
2016-06-01,240.93,976.7,81.70098730497045,-0.307629704734856,0.0,0.0,-0.0,0.0,158439.02
2016-06-02,238.67,984.83,78.11557328509679,-0.8135494601061467,0.0,0.0,-0.0,-0.0,158439.02
2016-06-03,235.93,973.73,77.18517914248886,-0.9448327022695351,0.0,0.0,-0.0,0.0,158439.02
2016-06-06,237.07,978.8,77.49862944005844,-0.9006033058906353,0.0,0.0,-0.0,0.0,158439.02
2016-06-07,241.83,991.93,80.1180776465848,-0.5309861323904671,0.0,0.0,-0.0,0.0,158439.02
2016-06-08,241.87,1007.47,77.62462944623587,-0.8828240781783737,0.0,0.0,-0.0,0.0,158439.02
2016-06-09,236.07,994.3,73.97170234189835,-1.39827026564007,0.0,0.0,-0.0,0.0,158439.02
2016-06-10,233.8,991.8,72.10927122869839,-1.6610685611683518,1.0,4277.0,-164.0,-1000.0,157439.02
2016-06-13,233.27,977.43,73.92197719002485,-1.4052867319483402,1.0,4287.0,-167.0,89.8699999999958,157528.88999999998
2016-06-14,235.53,973.7,76.79006996913046,-1.000584572269051,1.0,4246.0,-167.0,10311.529999999944,167840.41999999993
2016-06-15,239.7,1009.2,75.17259177657024,-1.2288187920725686,1.0,4172.0,-162.0,11777.319999999949,179617.73999999987
2016-06-16,236.6,996.13,74.20336191676074,-1.3655819471378938,1.0,4227.0,-164.0,-10815.859999999968,168801.87999999992
2016-06-17,239.9,986.83,79.0195181756568,-0.6859983389897732,1.0,4168.0,-165.0,15474.30000000004,184276.17999999996
2016-06-20,238.7,1004.7,74.90621577281027,-1.266405771403836,1.0,4189.0,-162.0,-7950.150000000072,176326.02999999988
2016-06-21,239.0,996.53,76.53815089487273,-1.0361316069254063,1.0,4184.0,-164.0,2580.240000000059,178906.26999999993
2016-06-22,236.47,994.37,74.36029041306796,-1.3434385556013904,1.0,4229.0,-164.0,-10231.280000000012,168674.98999999993
2016-06-23,240.17,999.07,77.2940609058839,-0.9294689437758505,1.0,4164.0,-163.0,14876.499999999945,183551.48999999987
2016-06-24,236.07,953.73,80.58573023688896,-0.46499802536181983,0.0,0.0,-0.0,-10681.979999999974,172869.5099999999
2016-06-27,239.3,977.83,79.88676616813686,-0.5636253327568098,0.0,0.0,-0.0,0.0,172869.5099999999
2016-06-28,245.67,982.7,85.46282197665039,0.223183882285873,0.0,0.0,-0.0,0.0,172869.5099999999
2016-06-29,244.2,988.8,82.99835389285838,-0.12456482488193721,0.0,0.0,-0.0,-0.0,172869.5099999999
2016-06-30,245.6,997.67,82.95229948249192,-0.1310633313018974,0.0,0.0,-0.0,0.0,172869.5099999999
2016-07-01,252.35,1028.43,84.68757189930454,0.11379223956110784,0.0,0.0,-0.0,0.0,172869.5099999999
2016-07-04,244.9,1045.4,74.47099429570605,-1.327817687017603,0.0,0.0,-0.0,-0.0,172869.5099999999
2016-07-05,243.55,1050.73,72.25205742904845,-1.6409207179482699,1.0,4106.0,-155.0,-1000.0,171869.5099999999
2016-07-07,247.0,1036.33,78.04965421701652,-0.822850968554715,1.0,4049.0,-157.0,16397.699999999968,188267.20999999985
2016-07-08,245.85,1021.77,79.2733354137398,-0.6501834639744484,1.0,4068.0,-160.0,-2370.4300000000317,185896.77999999982
2016-07-11,249.15,1039.87,79.6225366733077,-0.6009094289992166,1.0,4014.0,-157.0,10528.40000000006,196425.17999999988
2016-07-12,248.4,1045.33,77.98240622453648,-0.8323399948473926,1.0,4026.0,-156.0,-3867.7200000000057,192557.45999999988
2016-07-13,247.1,1034.27,78.48549097973972,-0.76135223307911,1.0,4047.0,-158.0,-3508.440000000054,189049.01999999981
2016-07-14,248.7,1042.97,78.66715125367566,-0.7357190646804471,1.0,4021.0,-156.0,5100.599999999969,194149.6199999998
2016-07-15,248.85,1057.23,76.49237832336837,-1.0425903444797977,1.0,4018.0,-154.0,-1621.4099999999758,192528.20999999982
2016-07-18,248.9,1049.6,77.78627856588204,-0.860014583203995,1.0,4018.0,-155.0,1375.9200000000624,193904.1299999999
2016-07-19,249.05,1048.53,78.11071804943245,-0.8142345580128197,1.0,4015.0,-155.0,768.550000000013,194672.6799999999
2016-07-20,250.25,1047.23,79.52265387056843,-0.6150033893752159,1.0,3996.0,-156.0,5019.499999999947,199692.17999999985
2016-07-21,250.6,1038.37,81.31707800538771,-0.3618012168260892,0.0,0.0,-0.0,1780.7599999999975,201472.93999999986
2016-07-22,249.85,1049.33,78.78029600565645,-0.7197537772892612,0.0,0.0,-0.0,-0.0,201472.93999999986
2016-07-25,251.75,1057.27,79.3858572211796,-0.6343060771570991,0.0,0.0,-0.0,0.0,201472.93999999986
2016-07-26,251.75,1061.8,78.64734239829798,-0.7385141927218141,0.0,0.0,-0.0,0.0,201472.93999999986
2016-07-27,247.4,1068.1,73.27026880356195,-1.4972460274788313,0.0,0.0,-0.0,-0.0,201472.93999999986
2016-07-28,254.3,1051.5,82.87652621191404,-0.1417553167468018,0.0,0.0,-0.0,0.0,201472.93999999986
2016-07-29,252.45,1039.23,83.02687430832847,-0.12054045237216834,0.0,0.0,-0.0,0.0,201472.93999999986
2016-08-01,250.6,995.8,88.25716100981833,0.6174790214939769,0.0,0.0,-0.0,0.0,201472.93999999986
2016-08-02,260.8,1002.23,97.40889383296872,1.9088340520281617,-1.0,-3834.0,163.0,-1000.0,200472.93999999986
2016-08-03,252.7,985.73,91.99884848584878,1.145449738977769,-1.0,-3957.0,165.0,28365.900000000085,228838.83999999994
2016-08-04,252.1,979.43,92.42592208058483,1.2057119478542797,-1.0,-3967.0,166.0,1334.6999999999657,230173.5399999999
2016-08-05,252.55,1008.13,88.19703126012067,0.60899441467062,-1.0,-3960.0,162.0,2979.04999999994,233152.58999999982
2016-08-08,249.95,1004.77,86.14480384397987,0.31941491657494664,0.0,0.0,-0.0,8751.680000000088,241904.2699999999
2016-08-09,247.65,1000.63,84.51973792052073,0.09011003019319457,0.0,0.0,-0.0,0.0,241904.2699999999
2016-08-10,246.5,988.8,85.29835389285839,0.19997661744638132,0.0,0.0,-0.0,0.0,241904.2699999999
2016-08-11,251.65,983.13,91.37272012812082,1.0570999127605107,0.0,0.0,-0.0,0.0,241904.2699999999
2016-08-12,254.1,994.6,91.95279407548233,1.1389512325578088,0.0,0.0,-0.0,0.0,241904.2699999999
2016-08-16,255.1,1004.23,91.38283872352869,1.0585276969118187,0.0,0.0,-0.0,0.0,241904.2699999999
2016-08-17,253.7,1001.67,90.4001892636119,0.9198709695098469,0.0,0.0,-0.0,0.0,241904.2699999999
2016-08-18,252.15,988.07,91.06736400780397,1.0140126450598987,0.0,0.0,-0.0,0.0,241904.2699999999
2016-08-19,250.95,996.23,88.53705916128871,0.6569740431388578,0.0,0.0,-0.0,-0.0,241904.2699999999
2016-08-22,254.1,995.1,91.87128029812234,1.127449233047357,0.0,0.0,-0.0,0.0,241904.2699999999
2016-08-23,251.4,984.77,90.85535493838,0.9840971106348815,0.0,0.0,-0.0,0.0,241904.2699999999
2016-08-24,250.25,982.33,90.10314217189682,0.87795614708174,0.0,0.0,-0.0,0.0,241904.2699999999
2016-08-25,253.45,969.77,95.35076825918009,1.618422294545485,-1.0,-3946.0,168.0,-1000.0,240904.2699999999
2016-08-26,253.8,951.47,98.68417251055621,2.088782217851985,-1.0,-3940.0,171.0,-4455.500000000082,236448.76999999981
2016-08-29,252.8,973.0,94.17418925743448,1.4524011440064712,-1.0,-3956.0,168.0,7621.629999999995,244070.39999999982
2016-08-30,257.3,983.77,96.91838249310001,1.839620461715386,-1.0,-3887.0,166.0,-15992.640000000003,228077.7599999998
2016-08-31,260.05,1008.63,95.61551748276068,1.6557797271003318,-1.0,-3845.0,162.0,-6562.489999999997,221515.26999999981
2016-09-01,261.0,1004.73,97.20132494616868,1.8795450494609591,-1.0,-3831.0,162.0,-4284.549999999952,217230.71999999986
2016-09-02,262.9,1003.37,99.32304242058788,2.1789299404875684,-1.0,-3804.0,162.0,-7499.219999999915,209731.49999999994
2016-09-06,262.6,1010.93,97.7905541069047,1.962688215411902,-1.0,-3808.0,161.0,2365.919999999818,212097.41999999975
2016-09-07,262.8,1012.17,97.78839993905186,1.9623842516110426,-1.0,-3805.0,161.0,-561.9599999999552,211535.4599999998
2016-09-08,264.9,1026.33,97.57992976421656,1.9329680728182232,-1.0,-3775.0,159.0,-5710.739999999874,205824.7199999999
2016-09-09,258.3,1011.8,93.34872013429828,1.3359233440846827,-1.0,-3871.0,161.0,22604.729999999872,228429.44999999978
2016-09-12,252.25,975.47,93.22151119727604,1.3179735302158795,-1.0,-3964.0,167.0,17570.42000000006,245999.86999999985
2016-09-14,251.85,983.53,91.50750910623282,1.0761193081372187,-1.0,-3971.0,166.0,2931.6200000000135,248931.48999999987
2016-09-15,255.9,980.17,96.10528169009203,1.7248878932951581,-1.0,-3908.0,166.0,-16640.31000000005,232291.17999999982
2016-09-16,260.35,982.13,100.23574768284084,2.307717193632011,-1.0,-3841.0,166.0,-17065.240000000063,215225.93999999977
2016-09-19,258.85,986.53,98.01842644207281,1.994842135551981,-1.0,-3863.0,165.0,6491.899999999996,221717.83999999976
2016-09-20,256.95,983.97,96.535776982156,1.7856329206873276,-1.0,-3892.0,166.0,6917.300000000141,228635.1399999999
2016-09-21,253.65,981.4,93.65475779778643,1.3791067809173931,-1.0,-3942.0,166.0,12416.979999999925,241052.11999999982
2016-09-22,255.25,999.97,92.2273361066359,1.1776904789796898,-1.0,-3918.0,163.0,-3224.5799999999695,237827.53999999986
2016-09-23,253.45,998.0,90.74850038943433,0.9690194021852416,-1.0,-3946.0,163.0,6731.29000000004,244558.8299999999
2016-09-26,248.05,977.13,88.75088545644087,0.6871459971546848,-1.0,-4031.0,167.0,17906.58999999991,262465.4199999998
2016-09-27,245.85,957.6,89.73481360012255,0.8259831531972396,-1.0,-4068.0,170.0,5606.690000000073,268072.10999999987
2016-09-28,246.95,970.6,88.71545538876248,0.6821466383433219,-1.0,-4049.0,168.0,-2264.7999999999774,265807.3099999999
2016-09-29,245.7,958.4,89.45439155634654,0.7864142077417083,-1.0,-4070.0,170.0,3011.6499999999924,268818.95999999985
2016-09-30,241.35,955.43,85.58858339386498,0.24092944390851492,0.0,0.0,-0.0,16199.599999999973,285018.5599999998
2016-10-03,242.3,980.47,82.45637342367604,-0.20104096539594274,0.0,0.0,-0.0,0.0,285018.5599999998
2016-10-04,241.2,966.1,83.6990793850025,-0.025688971883382553,0.0,0.0,-0.0,0.0,285018.5599999998
2016-10-05,240.2,969.3,82.17739120989847,-0.24040674367564646,0.0,0.0,-0.0,-0.0,285018.5599999998
2016-10-06,237.4,969.67,79.3170710146521,-0.644012153104373,0.0,0.0,-0.0,-0.0,285018.5599999998
2016-10-07,238.95,971.3,80.60133610045847,-0.4627959603741564,0.0,0.0,-0.0,0.0,285018.5599999998
2016-10-10,240.1,966.67,82.5061536788121,-0.1940167237431917,0.0,0.0,-0.0,0.0,285018.5599999998
2016-10-13,238.95,958.93,82.61798695234495,-0.1782364924855182,0.0,0.0,-0.0,0.0,285018.5599999998
2016-10-14,239.9,983.23,79.60641737264882,-0.6031839425145029,0.0,0.0,-0.0,0.0,285018.5599999998
2016-10-17,240.6,965.3,83.22950142877852,-0.09194875762186767,0.0,0.0,-0.0,0.0,285018.5599999998
2016-10-18,245.95,992.17,84.19895103345195,0.044845404536971965,0.0,0.0,-0.0,0.0,285018.5599999998
2016-10-19,239.45,994.03,77.39571978167274,-0.9151243706567261,0.0,0.0,-0.0,-0.0,285018.5599999998
2016-10-20,239.35,1002.43,75.9262883220247,-1.1224684599248902,0.0,0.0,-0.0,-0.0,285018.5599999998
2016-10-21,240.15,1007.23,75.94375605936867,-1.1200036752849676,0.0,0.0,-0.0,0.0,285018.5599999998
2016-10-24,241.35,995.1,79.12128029812234,-0.6716391972509217,0.0,0.0,-0.0,0.0,285018.5599999998
2016-10-25,238.75,989.4,77.45053736002637,-0.9073893376376677,0.0,0.0,-0.0,0.0,285018.5599999998
2016-10-26,238.75,988.2,77.64617042569037,-0.879784538812579,0.0,0.0,-0.0,0.0,285018.5599999998
2016-10-27,243.1,983.53,82.75750910623282,-0.15854922245963915,0.0,0.0,-0.0,0.0,285018.5599999998
2016-10-28,243.1,987.13,82.1706099092408,-0.24136361893490946,0.0,0.0,-0.0,0.0,285018.5599999998
2016-10-30,243.1,987.13,82.1706099092408,-0.24136361893490946,0.0,0.0,-0.0,0.0,285018.5599999998
2016-11-01,239.95,975.43,80.92803229946486,-0.4166975014051506,0.0,0.0,-0.0,0.0,285018.5599999998
2016-11-02,237.3,965.77,79.85287847806012,-0.5684070544153662,0.0,0.0,-0.0,0.0,285018.5599999998
2016-11-03,240.3,962.8,83.33707031557856,-0.0767702525471999,0.0,0.0,-0.0,0.0,285018.5599999998
2016-11-04,249.05,946.53,94.73952863087302,1.5321733421198336,-1.0,-4015.0,172.0,-1000.0,284018.5599999998
2016-11-07,256.5,932.0,104.5583190009547,2.917653511087527,-1.0,-3899.0,175.0,-32410.90999999995,251607.64999999988
2016-11-08,255.6,931.47,103.7447236049563,2.8028511531357894,-1.0,-3912.0,175.0,3416.3500000000267,255023.9999999999
2016-11-09,248.15,926.97,97.02834760119634,1.8551370855359828,-1.0,-4030.0,176.0,28356.899999999954,283380.89999999985
2016-11-10,251.05,941.4,97.57585998658666,1.9323938069478053,-1.0,-3983.0,173.0,-9147.32000000003,274233.57999999984
2016-11-11,242.95,925.87,92.00767791138833,1.146695614847132,-1.0,-4116.0,176.0,29575.610000000095,303809.18999999994
2016-11-15,237.5,913.53,88.56943793663322,0.6615428494219587,-1.0,-4211.0,178.0,20260.35999999995,324069.5499999999
2016-11-16,230.9,917.03,81.3988414951132,-0.35026398165856454,0.0,0.0,-0.0,27415.599999999977,351485.14999999985
2016-11-17,231.5,914.0,82.4928149859148,-0.1958988796700012,0.0,0.0,-0.0,0.0,351485.14999999985
2016-11-18,227.85,913.63,78.90313518116119,-0.7024205585098139,0.0,0.0,-0.0,0.0,351485.14999999985
2016-11-21,224.2,898.6,77.70343932860288,-0.8717036117031064,0.0,0.0,-0.0,0.0,351485.14999999985
2016-11-22,226.1,886.37,81.59726632282855,-0.3222652513192232,0.0,0.0,-0.0,0.0,351485.14999999985
2016-11-23,224.65,904.83,77.13777766269726,-0.9515212868869539,0.0,0.0,-0.0,-0.0,351485.14999999985
2016-11-24,223.5,899.77,76.8126970895805,-0.9973917730053151,0.0,0.0,-0.0,0.0,351485.14999999985
2016-11-25,228.8,913.8,79.82542049685881,-0.5722815121642778,0.0,0.0,-0.0,0.0,351485.14999999985
2016-11-28,233.7,904.63,86.22038317364124,0.3300795359916888,0.0,0.0,-0.0,0.0,351485.14999999985
2016-11-29,231.05,901.63,84.0594658378013,0.02516334950222874,0.0,0.0,-0.0,0.0,351485.14999999985
2016-11-30,232.5,921.83,82.21630923245715,-0.23491521707836013,0.0,0.0,-0.0,0.0,351485.14999999985
2016-12-01,233.5,925.57,82.60658617780433,-0.1798451984912018,0.0,0.0,-0.0,0.0,351485.14999999985
2016-12-02,228.5,907.9,80.48728306970685,-0.4788894104185245,0.0,0.0,-0.0,0.0,351485.14999999985
2016-12-05,232.55,904.1,85.15678777764288,0.1800009343086167,0.0,0.0,-0.0,0.0,351485.14999999985
2016-12-06,230.2,908.1,82.15467755876281,-0.2436117528496071,0.0,0.0,-0.0,-0.0,351485.14999999985
2016-12-07,227.2,902.53,80.06274103855327,-0.5387944030792094,0.0,0.0,-0.0,0.0,351485.14999999985
2016-12-08,233.3,911.3,84.73298938365883,0.12020087255209247,0.0,0.0,-0.0,0.0,351485.14999999985
2016-12-09,236.15,908.13,88.09978673212123,0.5952727279856316,0.0,0.0,-0.0,0.0,351485.14999999985
2016-12-12,232.3,909.97,83.94981603143643,0.009691216324543568,0.0,0.0,-0.0,-0.0,351485.14999999985
2016-12-13,235.65,917.13,86.1325387396412,0.3176842493347822,0.0,0.0,-0.0,0.0,351485.14999999985
2016-12-14,233.15,906.63,85.34432806420125,0.20646380174092993,0.0,0.0,-0.0,0.0,351485.14999999985
2016-12-15,229.7,904.57,82.23016482692444,-0.23296012376847766,0.0,0.0,-0.0,0.0,351485.14999999985
2016-12-16,226.35,907.07,78.47259594012442,-0.7631717873206887,0.0,0.0,-0.0,-0.0,351485.14999999985
2016-12-19,227.0,896.63,80.8246036114013,-0.4312918038409215,0.0,0.0,-0.0,0.0,351485.14999999985
2016-12-20,229.95,903.67,82.62688962617247,-0.17698028091831727,0.0,0.0,-0.0,0.0,351485.14999999985
2016-12-21,226.3,894.67,80.44413761865252,-0.48497744820768873,0.0,0.0,-0.0,0.0,351485.14999999985
2016-12-22,227.55,876.43,84.66776021674545,0.11099671259037774,0.0,0.0,-0.0,0.0,351485.14999999985
2016-12-23,224.7,891.63,79.33974138500133,-0.6408132510646961,0.0,0.0,-0.0,-0.0,351485.14999999985
2016-12-26,225.0,891.73,79.62343862952932,-0.6007821584891824,0.0,0.0,-0.0,0.0,351485.14999999985
2016-12-27,234.05,903.73,86.71710797288927,0.40016987633438394,0.0,0.0,-0.0,0.0,351485.14999999985
2016-12-28,235.45,899.97,88.73009157863646,0.6842118775484929,0.0,0.0,-0.0,0.0,351485.14999999985
2016-12-29,236.0,892.8,90.44899914597895,0.9267582867373574,0.0,0.0,-0.0,0.0,351485.14999999985
2016-12-30,241.65,899.4,95.02301728482689,1.5721750015276168,-1.0,-4138.0,181.0,-1000.0,350485.14999999985
