date,price_a,price_b,spread,zscore,position,quantity_a,quantity_b,daily_pnl,cumulative_pnl,bh_pnl_a,bh_pnl_b
2021-01-01,3567.8,2387.55,987.2128967656508,,0.0,0.0,-0.0,0.0,0.0,5353.4390941196,-5738.099725660214
2021-01-04,3552.9,2426.5,930.2137291373383,,0.0,0.0,-0.0,-0.0,0.0,5353.4390941196,-5738.099725660214
2021-01-05,3551.1,2450.55,902.4192495106136,,0.0,0.0,-0.0,-0.0,0.0,5353.4390941196,-5738.099725660214
2021-01-06,3539.7,2417.3,926.9575633396607,,0.0,0.0,-0.0,0.0,0.0,5353.4390941196,-5738.099725660214
2021-01-07,3552.8,2368.85,992.4248206334164,,0.0,0.0,-0.0,0.0,0.0,5353.4390941196,-5738.099725660214
2021-01-08,3575.25,2391.2,990.7177886310342,,0.0,0.0,-0.0,0.0,0.0,5353.4390941196,-5738.099725660214
2021-01-11,3612.85,2429.1,987.3535151236383,,0.0,0.0,-0.0,0.0,0.0,5353.4390941196,-5738.099725660214
2021-01-12,3631.65,2375.9,1063.6548172501143,,0.0,0.0,-0.0,0.0,0.0,5353.4390941196,-5738.099725660214
2021-01-13,3621.15,2372.35,1056.9918402303588,,0.0,0.0,-0.0,0.0,0.0,5353.4390941196,-5738.099725660214
2021-01-14,3665.45,2398.55,1072.9735297846123,,0.0,0.0,-0.0,0.0,0.0,5353.4390941196,-5738.099725660214
2021-01-15,3609.05,2351.15,1067.8058929574504,-0.24924247968951677,0.0,0.0,-0.0,0.0,0.0,5353.4390941196,-5738.099725660214
2021-01-18,3607.85,2332.6,1086.6556890936558,-0.014859358565087123,0.0,0.0,-0.0,0.0,0.0,5353.4390941196,-5738.099725660214
2021-01-19,3601.25,2363.15,1047.0356744326814,-0.3372606017557756,0.0,0.0,-0.0,-0.0,0.0,5353.4390941196,-5738.099725660214
2021-01-20,3592.3,2355.95,1045.867805547543,-0.3077997178061507,0.0,0.0,-0.0,0.0,0.0,5353.4390941196,-5738.099725660214
2021-01-21,3630.8,2367.65,1071.721842485893,0.0014475023363533168,0.0,0.0,-0.0,0.0,0.0,5353.4390941196,-5738.099725660214
2021-01-22,3608.0,2409.35,1003.8503331123206,-0.6737683547432122,0.0,0.0,-0.0,-0.0,0.0,5353.4390941196,-5738.099725660214
2021-01-25,3613.55,2399.6,1019.938635663696,-0.4517943624759337,0.0,0.0,-0.0,0.0,0.0,5353.4390941196,-5738.099725660214
2021-01-27,3610.75,2391.3,1026.1097034766603,-0.3409698304646325,0.0,0.0,-0.0,0.0,0.0,5353.4390941196,-5738.099725660214
2021-01-28,3603.75,2300.4,1117.3591088017856,0.7537639831618125,0.0,0.0,-0.0,0.0,0.0,5353.4390941196,-5738.099725660214
2021-01-29,3501.1,2263.9,1054.160190147958,0.09454754426653013,0.0,0.0,-0.0,0.0,0.0,5353.4390941196,-5738.099725660214
2021-02-01,3520.75,2248.6,1090.3472187670386,0.6774918729111304,0.0,0.0,-0.0,0.0,0.0,5353.4390941196,-5738.099725660214
2021-02-02,3501.25,2230.45,1090.4646742857517,0.8372189939219586,0.0,0.0,-0.0,0.0,0.0,5353.4390941196,-5738.099725660214
2021-02-03,3516.5,2232.85,1103.1206305807978,1.2160515511659868,0.0,0.0,-0.0,0.0,0.0,5353.4390941196,-5738.099725660214
2021-02-04,3580.0,2245.6,1152.839773398231,2.1491622474470864,-1.0,-134.0,231.0,-1000.0,-1000.0,5353.4390941196,-5738.099725660214
2021-02-05,3541.65,2269.55,1088.6033789258795,0.9709977502009786,-1.0,-136.0,229.0,10671.350000000051,9671.350000000051,5353.4390941196,-5738.099725660214
2021-02-08,3473.7,2236.65,1056.2133947146208,0.38941164110389265,-1.0,-138.0,232.0,1707.1000000000158,11378.450000000066,5353.4390941196,-5738.099725660214
2021-02-09,3462.4,2216.25,1066.9627662067282,0.5533947663387193,-1.0,-139.0,234.0,-3173.4000000000588,8205.050000000007,5353.4390941196,-5738.099725660214
2021-02-10,3424.85,2235.5,1008.6063739899114,-0.4713922517676326,0.0,0.0,-0.0,8723.950000000026,16929.000000000033,5353.4390941196,-5738.099725660214
2021-02-11,3462.75,2263.0,1016.7829565373158,-0.3268130051637379,0.0,0.0,-0.0,0.0,16929.000000000033,5353.4390941196,-5738.099725660214
2021-02-12,3421.25,2241.55,998.4672221503401,-0.6668434605465228,0.0,0.0,-0.0,0.0,16929.000000000033,5353.4390941196,-5738.099725660214
2021-02-15,3417.0,2215.2,1022.6976603276457,-0.256223205459157,0.0,0.0,-0.0,0.0,16929.000000000033,5353.4390941196,-5738.099725660214
2021-02-16,3389.45,2196.1,1015.7919248129028,-0.40153041910238724,0.0,0.0,-0.0,0.0,16929.000000000033,5353.4390941196,-5738.099725660214
2021-02-17,3364.0,2163.9,1025.1453445210327,-0.30665312624013824,0.0,0.0,-0.0,0.0,16929.000000000033,5353.4390941196,-5738.099725660214
2021-02-18,3359.45,2146.85,1039.023863341642,-0.1409607805852424,0.0,0.0,-0.0,0.0,16929.000000000033,5353.4390941196,-5738.099725660214
2021-02-19,3331.2,2181.1,973.7546979688641,-1.8492579526034194,1.0,144.0,-238.0,-1000.0,15929.000000000033,5353.4390941196,-5738.099725660214
2021-02-22,3341.2,2167.6,998.3461938092291,-1.202068787643465,1.0,144.0,-240.0,4653.0,20582.000000000033,5353.4390941196,-5738.099725660214
2021-02-23,3335.95,2179.25,980.504273324766,-1.6475289346890383,1.0,144.0,-238.0,-3552.0000000000223,17030.00000000001,5353.4390941196,-5738.099725660214
2021-02-24,3405.55,2178.85,1050.5366139422586,0.04318362113422456,0.0,0.0,-0.0,9117.600000000075,26147.600000000086,5353.4390941196,-5738.099725660214
2021-02-25,3405.0,2163.3,1066.7938554472712,0.44245931713252123,0.0,0.0,-0.0,0.0,26147.600000000086,5353.4390941196,-5738.099725660214
2021-02-26,3363.75,2132.05,1059.3204661888572,0.255289624791243,0.0,0.0,-0.0,0.0,26147.600000000086,5353.4390941196,-5738.099725660214
2021-03-01,3411.8,2143.4,1095.1028011675135,1.1248774384095737,0.0,0.0,-0.0,0.0,26147.600000000086,5353.4390941196,-5738.099725660214
2021-03-02,3447.95,2177.95,1093.909380331616,1.0558969212084743,0.0,0.0,-0.0,0.0,26147.600000000086,5353.4390941196,-5738.099725660214
2021-03-03,3481.15,2193.5,1110.302138826603,1.428117277646461,0.0,0.0,-0.0,0.0,26147.600000000086,5353.4390941196,-5738.099725660214
2021-03-04,3501.9,2196.9,1127.3772435779183,1.7212466457272226,-1.0,-137.0,236.0,-1000.0,25147.600000000086,5353.4390941196,-5738.099725660214
2021-03-05,3491.75,2201.1,1112.6876670942493,1.266376074131856,-1.0,-138.0,236.0,2381.7499999999695,27529.350000000057,5353.4390941196,-5738.099725660214
2021-03-08,3463.2,2174.55,1112.8342755803,1.2104675115561132,-1.0,-139.0,239.0,-2325.8999999999105,25203.450000000146,5353.4390941196,-5738.099725660214
2021-03-09,3426.75,2198.5,1050.497881107949,-0.1820904198246666,0.0,0.0,-0.0,9790.599999999931,34994.050000000076,5353.4390941196,-5738.099725660214
2021-03-10,3480.35,2227.85,1072.3748882994514,0.2605567993910055,0.0,0.0,-0.0,0.0,34994.050000000076,5353.4390941196,-5738.099725660214
2021-03-12,3434.25,2204.75,1051.2425589596319,-0.22484885102641008,0.0,0.0,-0.0,0.0,34994.050000000076,5353.4390941196,-5738.099725660214
2021-03-15,3450.4,2210.85,1060.7993645428746,0.028808293057475384,0.0,0.0,-0.0,0.0,34994.050000000076,5353.4390941196,-5738.099725660214
2021-03-16,3489.1,2244.05,1063.6150932910132,0.08607415805489262,0.0,0.0,-0.0,0.0,34994.050000000076,5353.4390941196,-5738.099725660214
2021-03-17,3467.9,2226.3,1061.6002081922343,0.061764671987203285,0.0,0.0,-0.0,0.0,34994.050000000076,5353.4390941196,-5738.099725660214
2021-03-18,3439.65,2215.2,1045.3476603276458,-0.2808697025229397,0.0,0.0,-0.0,0.0,34994.050000000076,5353.4390941196,-5738.099725660214
2021-03-19,3466.6,2312.05,967.6171883173224,-2.0176514998132733,1.0,139.0,-225.0,-1000.0,33994.050000000076,5353.4390941196,-5738.099725660214
2021-03-22,3564.4,2353.2,1020.9401472928025,-0.6752566002202762,1.0,135.0,-221.0,4335.450000000104,38329.50000000018,5353.4390941196,-5738.099725660214
2021-03-23,3568.4,2337.3,1042.125686838121,-0.12706881467390585,0.0,0.0,-0.0,3053.8999999999196,41383.4000000001,5353.4390941196,-5738.099725660214
2021-03-24,3537.75,2318.6,1031.687610705886,-0.36266118869899333,0.0,0.0,-0.0,0.0,41383.4000000001,5353.4390941196,-5738.099725660214
2021-03-25,3443.85,2237.05,1025.9310540971283,-0.47181290307564755,0.0,0.0,-0.0,0.0,41383.4000000001,5353.4390941196,-5738.099725660214
2021-03-26,3504.6,2317.9,999.2942067864974,-1.127020759801132,0.0,0.0,-0.0,0.0,41383.4000000001,5353.4390941196,-5738.099725660214
2021-03-30,3616.0,2398.75,1023.3073594758666,-0.5320899268886911,0.0,0.0,-0.0,0.0,41383.4000000001,5353.4390941196,-5738.099725660214
2021-03-31,3625.05,2431.5,996.9594714186846,-1.1936999369924945,0.0,0.0,-0.0,0.0,41383.4000000001,5353.4390941196,-5738.099725660214
2021-04-01,3618.5,2399.1,1025.429061435561,-0.48077496854534274,0.0,0.0,-0.0,0.0,41383.4000000001,5353.4390941196,-5738.099725660214
2021-04-05,3700.35,2373.2,1135.2731164181873,2.1107306622155733,-1.0,-130.0,219.0,-1000.0,40383.4000000001,5353.4390941196,-5738.099725660214
2021-04-06,3730.6,2408.3,1127.5852272332377,1.7269968881761668,-1.0,-129.0,216.0,3754.4000000000806,44137.800000000185,5353.4390941196,-5738.099725660214
2021-04-07,3808.55,2405.25,1208.8318244416168,3.309809470575645,-1.0,-126.0,216.0,-10714.350000000075,33423.45000000011,5353.4390941196,-5738.099725660214
2021-04-08,3816.75,2409.9,1212.0058647632686,2.869258815071383,-1.0,-126.0,216.0,-28.799999999957436,33394.650000000154,5353.4390941196,-5738.099725660214
2021-04-09,3797.7,2476.0,1121.511577722666,0.9239404791436392,-1.0,-127.0,210.0,16677.9,50072.550000000156,5353.4390941196,-5738.099725660214
2021-04-12,3812.75,2462.0,1151.6934993348968,1.4005489102912707,-1.0,-126.0,211.0,-4851.350000000023,45221.200000000135,5353.4390941196,-5738.099725660214
2021-04-13,3746.0,2454.4,1093.1579710672504,0.2980616099374234,-1.0,-128.0,212.0,6806.90000000002,52028.10000000015,5353.4390941196,-5738.099725660214
2021-04-15,3692.7,2460.65,1033.102648918933,-0.7475143596483707,0.0,0.0,-0.0,7147.400000000023,59175.500000000175,5353.4390941196,-5738.099725660214
2021-04-16,3696.5,2458.9,1038.7941391204622,-0.629877462583203,0.0,0.0,-0.0,0.0,59175.500000000175,5353.4390941196,-5738.099725660214
2021-04-19,3742.8,2436.65,1109.1430859684715,0.5966697796060728,0.0,0.0,-0.0,0.0,59175.500000000175,5353.4390941196,-5738.099725660214
2021-04-20,3729.9,2397.45,1138.612466482717,1.0829246184311443,0.0,0.0,-0.0,0.0,59175.500000000175,5353.4390941196,-5738.099725660214
2021-04-22,3752.0,2349.4,1212.6473831589792,2.2850142968296154,-1.0,-128.0,221.0,-1000.0,58175.500000000175,5353.4390941196,-5738.099725660214
2021-04-23,3650.3,2307.75,1155.964849955365,1.205800908988045,-1.0,-132.0,225.0,3812.949999999957,61988.45000000013,5353.4390941196,-5738.099725660214
2021-04-26,3539.2,2360.65,987.6878032920081,-1.3990151566786333,0.0,0.0,-0.0,25567.70000000007,87556.1500000002,5353.4390941196,-5738.099725660214
2021-04-27,3541.2,2379.85,968.9354536523779,-1.5783216968411256,1.0,136.0,-218.0,-1000.0,86556.1500000002,5353.4390941196,-5738.099725660214
2021-04-28,3478.75,2406.55,877.6267174347668,-2.7820467416389074,1.0,138.0,-216.0,-14313.800000000036,72242.35000000017,5353.4390941196,-5738.099725660214
2021-04-29,3468.9,2407.6,866.6418233138497,-2.537497135607277,1.0,139.0,-216.0,-1586.0999999999285,70656.25000000023,5353.4390941196,-5738.099725660214
2021-04-30,3449.0,2353.75,904.9456789437504,-1.7898364483456288,1.0,139.0,-221.0,8865.499999999967,79521.7500000002,5353.4390941196,-5738.099725660214
2021-05-03,3439.25,2408.0,836.5594826963575,-2.3941165614330493,1.0,140.0,-216.0,-13344.5,66177.2500000002,5353.4390941196,-5738.099725660214
2021-05-04,3435.85,2407.65,833.5377807366626,-2.148794606928269,1.0,140.0,-216.0,-400.4000000000324,65776.85000000017,5353.4390941196,-5738.099725660214
2021-05-05,3451.6,2394.65,863.3388508051626,-1.651483239561397,1.0,139.0,-217.0,5013.0,70789.85000000017,5353.4390941196,-5738.099725660214
2021-05-06,3452.05,2390.0,868.8148104835109,-1.4779208962452821,1.0,139.0,-217.0,1071.6000000000577,71861.45000000023,5353.4390941196,-5738.099725660214
2021-05-07,3461.25,2411.2,855.1007577564192,-1.524539818801491,1.0,139.0,-215.0,-3321.599999999986,68539.85000000024,5353.4390941196,-5738.099725660214
2021-05-10,3413.8,2432.9,784.1962792574618,-2.01639774843301,1.0,141.0,-214.0,-11261.050000000032,57278.80000000021,5353.4390941196,-5738.099725660214
2021-05-11,3418.4,2402.1,822.086506804369,-1.5277024798274892,1.0,141.0,-216.0,7239.800000000027,64518.60000000023,5353.4390941196,-5738.099725660214
2021-05-12,3439.55,2328.95,922.3007972282735,-0.6594798045613206,1.0,140.0,-223.0,18782.550000000032,83301.15000000026,5353.4390941196,-5738.099725660214
2021-05-14,3501.45,2376.85,932.4280082835699,-0.5527324392715134,1.0,137.0,-219.0,-2015.7000000000735,81285.45000000019,5353.4390941196,-5738.099725660214
2021-05-17,3507.25,2376.25,938.8765192098085,-0.4849382069589572,1.0,137.0,-219.0,926.000000000005,82211.45000000019,5353.4390941196,-5738.099725660214
2021-05-18,3525.45,2374.25,959.2382222972697,-0.3102439064926551,1.0,136.0,-219.0,2931.399999999975,85142.85000000017,5353.4390941196,-5738.099725660214
2021-05-19,3534.4,2359.75,983.8605696813661,-0.11684157228016273,0.0,0.0,-0.0,3392.700000000037,88535.5500000002,5353.4390941196,-5738.099725660214
2021-05-20,3422.55,2344.15,888.8718537635655,-0.8149348049440113,0.0,0.0,-0.0,0.0,88535.5500000002,5353.4390941196,-5738.099725660214
2021-05-21,3435.75,2362.25,882.5084408220391,-0.8080523828694,0.0,0.0,-0.0,0.0,88535.5500000002,5353.4390941196,-5738.099725660214
2021-05-24,3379.1,2336.55,853.6363254959188,-0.9727440528929124,0.0,0.0,-0.0,0.0,88535.5500000002,5353.4390941196,-5738.099725660214
2021-05-25,3439.5,2344.05,905.9299389179382,-0.5060447077405138,0.0,0.0,-0.0,0.0,88535.5500000002,5353.4390941196,-5738.099725660214
2021-05-26,3416.0,2354.0,871.6754660578176,-0.7439812772081978,0.0,0.0,-0.0,-0.0,88535.5500000002,5353.4390941196,-5738.099725660214
2021-05-27,3414.65,2326.4,900.1569686647863,-0.44431653228929846,0.0,0.0,-0.0,0.0,88535.5500000002,5353.4390941196,-5738.099725660214
2021-05-28,3423.45,2321.7,914.036970920321,-0.26524109675712454,0.0,0.0,-0.0,0.0,88535.5500000002,5353.4390941196,-5738.099725660214
2021-05-31,3447.85,2340.05,918.6033450928612,-0.17462868202393883,0.0,0.0,-0.0,0.0,88535.5500000002,5353.4390941196,-5738.099725660214
2021-06-01,3446.75,2358.3,897.7778044197753,-0.34066597883036936,0.0,0.0,-0.0,-0.0,88535.5500000002,5353.4390941196,-5738.099725660214
2021-06-02,3475.25,2358.8,925.7373786479097,-0.02724916139418735,0.0,0.0,-0.0,0.0,88535.5500000002,5353.4390941196,-5738.099725660214
2021-06-03,3496.25,2363.25,941.9275892783085,0.20237641701423503,0.0,0.0,-0.0,0.0,88535.5500000002,5353.4390941196,-5738.099725660214
2021-06-04,3489.3,2342.05,957.8916420054002,0.4804018916755403,0.0,0.0,-0.0,0.0,88535.5500000002,5353.4390941196,-5738.099725660214
2021-06-07,3542.6,2339.3,1014.1639837506596,1.5737209420271165,-1.0,-136.0,222.0,-1000.0,87535.5500000002,5353.4390941196,-5738.099725660214
2021-06-08,3601.75,2359.0,1052.0212083391639,2.800807726491734,-1.0,-133.0,220.0,-3671.0000000000528,83864.55000000015,5353.4390941196,-5738.099725660214
2021-06-09,3574.7,2356.0,1028.2137629703561,2.1293949445968616,-1.0,-134.0,220.0,2937.650000000024,86802.20000000017,5353.4390941196,-5738.099725660214
2021-06-10,3576.3,2378.8,1005.1703477732949,1.6093444834582615,-1.0,-134.0,218.0,4801.599999999991,91603.80000000016,5353.4390941196,-5738.099725660214
2021-06-11,3557.9,2366.5,1000.0648217611833,1.4036410953661074,-1.0,-135.0,219.0,-215.80000000002747,91388.00000000013,5353.4390941196,-5738.099725660214
2021-06-14,3591.25,2364.6,1035.4684396942716,1.8494943989119121,-1.0,-134.0,220.0,-4918.350000000008,86469.65000000013,5353.4390941196,-5738.099725660214
2021-06-15,3631.85,2391.95,1046.5071499732358,1.8512908122115317,-1.0,-132.0,217.0,576.5999999999931,87046.25000000012,5353.4390941196,-5738.099725660214
2021-06-16,3639.45,2407.9,1036.8675678507302,1.5647077306220658,-1.0,-132.0,216.0,2457.950000000071,89504.20000000019,5353.4390941196,-5738.099725660214
2021-06-17,3658.15,2417.7,1044.9752227221693,1.5724930936610653,-1.0,-131.0,215.0,-351.60000000009495,89152.6000000001,5353.4390941196,-5738.099725660214
2021-06-18,3619.2,2482.9,935.5537020709239,-0.05641942409345117,0.0,0.0,-0.0,18120.450000000095,107273.05000000019,5353.4390941196,-5738.099725660214
2021-06-21,3648.85,2514.35,931.2109210205922,-0.14972186987011463,0.0,0.0,-0.0,0.0,107273.05000000019,5353.4390941196,-5738.099725660214
2021-06-22,3650.9,2490.25,959.3094432245034,0.21526300090321976,0.0,0.0,-0.0,0.0,107273.05000000019,5353.4390941196,-5738.099725660214
2021-06-23,3659.3,2480.5,978.2477457758782,0.4493883861790372,0.0,0.0,-0.0,0.0,107273.05000000019,5353.4390941196,-5738.099725660214
2021-06-24,3689.1,2490.15,997.6175283788762,0.7321775723901046,0.0,0.0,-0.0,0.0,107273.05000000019,5353.4390941196,-5738.099725660214
2021-06-25,3670.05,2448.65,1023.4228674437022,1.1336803744953359,0.0,0.0,-0.0,0.0,107273.05000000019,5353.4390941196,-5738.099725660214
2021-06-28,3667.25,2460.2,1008.1390321136123,0.8026892871931935,0.0,0.0,-0.0,-0.0,107273.05000000019,5353.4390941196,-5738.099725660214
2021-06-29,3657.15,2492.55,963.0734846739224,-0.003716825812996974,0.0,0.0,-0.0,-0.0,107273.05000000019,5353.4390941196,-5738.099725660214
2021-06-30,3649.65,2471.3,978.5415799782008,0.2554052440506158,0.0,0.0,-0.0,0.0,107273.05000000019,5353.4390941196,-5738.099725660214
2021-07-01,3595.8,2478.0,917.4498746352051,-0.7742646894504344,0.0,0.0,-0.0,-0.0,107273.05000000019,5353.4390941196,-5738.099725660214
2021-07-02,3545.3,2487.3,856.897955278509,-1.8459154113646439,1.0,136.0,-209.0,-1000.0,106273.05000000019,5353.4390941196,-5738.099725660214
2021-07-05,3523.55,2499.05,822.4479496396725,-2.3664076738244395,1.0,136.0,-208.0,-5413.75,100859.30000000019,5353.4390941196,-5738.099725660214
2021-07-06,3519.0,2472.5,846.5945581257238,-1.8737534761178156,1.0,137.0,-210.0,4903.600000000013,105762.9000000002,5353.4390941196,-5738.099725660214
2021-07-07,3521.35,2481.65,839.0547665005874,-1.8799062697464104,1.0,136.0,-209.0,-1599.5500000000316,104163.35000000017,5353.4390941196,-5738.099725660214
2021-07-08,3491.4,2447.55,845.9618041418062,-1.7084220184438295,1.0,138.0,-212.0,3053.7000000000066,107217.05000000018,5353.4390941196,-5738.099725660214
2021-07-09,3475.95,2451.45,826.2964831212562,-1.9097509356329365,1.0,138.0,-212.0,-2958.8999999999605,104258.15000000021,5353.4390941196,-5738.099725660214
2021-07-12,3470.4,2444.15,828.6366993904908,-1.739789415162359,1.0,138.0,-213.0,781.6999999999798,105039.8500000002,5353.4390941196,-5738.099725660214
2021-07-13,3485.5,2436.7,851.7890433912848,-1.3177169315665722,1.0,138.0,-213.0,3670.6500000000456,108710.50000000025,5353.4390941196,-5738.099725660214
2021-07-14,3485.75,2414.85,875.6556496218018,-0.9620525491826283,1.0,138.0,-215.0,4688.549999999981,113399.05000000022,5353.4390941196,-5738.099725660214
2021-07-15,3460.85,2412.35,853.4577784811286,-1.2109314908059263,1.0,139.0,-215.0,-2898.7000000000126,110500.35000000021,5353.4390941196,-5738.099725660214
2021-07-16,3441.0,2417.4,828.149478185288,-1.4611186728070806,1.0,140.0,-215.0,-3844.900000000026,106655.45000000019,5353.4390941196,-5738.099725660214
2021-07-19,3450.15,2408.65,846.7569291929321,-1.1362743412549456,1.0,139.0,-216.0,3162.2500000000127,109817.7000000002,5353.4390941196,-5738.099725660214
2021-07-20,3433.55,2434.9,801.78457617,-1.6006467034752498,1.0,140.0,-213.0,-7977.399999999989,101840.3000000002,5353.4390941196,-5738.099725660214
2021-07-22,3425.3,2378.15,854.8729012767203,-0.8603876725336751,1.0,140.0,-218.0,10932.75,112773.0500000002,5353.4390941196,-5738.099725660214
2021-07-23,3439.8,2358.1,891.0439747285218,-0.36617069543356634,1.0,140.0,-220.0,6400.90000000004,119173.95000000024,5353.4390941196,-5738.099725660214
2021-07-26,3482.0,2348.7,943.4039792395906,0.31811208132697294,0.0,0.0,-0.0,6975.9999999999945,126149.95000000024,5353.4390941196,-5738.099725660214
2021-07-27,3450.75,2342.4,918.9633439650943,0.04154343302697501,0.0,0.0,-0.0,0.0,126149.95000000024,5353.4390941196,-5738.099725660214
2021-07-28,3424.1,2361.4,871.7771646342098,-0.5208995517548075,0.0,0.0,-0.0,-0.0,126149.95000000024,5353.4390941196,-5738.099725660214
2021-07-29,3405.6,2334.75,882.0818582746347,-0.3280863943553687,0.0,0.0,-0.0,0.0,126149.95000000024,5353.4390941196,-5738.099725660214
2021-07-30,3423.4,2333.3,901.4490930130441,0.009887828681484197,0.0,0.0,-0.0,0.0,126149.95000000024,5353.4390941196,-5738.099725660214
2021-08-02,3504.65,2332.8,983.2395187849093,1.3892178153450694,0.0,0.0,-0.0,0.0,126149.95000000024,5353.4390941196,-5738.099725660214
2021-08-03,3573.2,2386.85,993.3694928462623,1.4868834224417153,0.0,0.0,-0.0,0.0,126149.95000000024,5353.4390941196,-5738.099725660214
2021-08-04,3578.3,2377.1,1009.0077953976374,1.6442524993399388,-1.0,-134.0,219.0,-1000.0,125149.95000000024,5353.4390941196,-5738.099725660214
2021-08-05,3611.15,2357.7,1062.8263153460143,2.3534328273033576,-1.0,-133.0,220.0,-8650.500000000007,116499.45000000024,5353.4390941196,-5738.099725660214
2021-08-06,3604.0,2371.5,1040.7605640425295,1.8597877142886112,-1.0,-133.0,219.0,3986.9500000000517,120486.4000000003,5353.4390941196,-5738.099725660214
2021-08-09,3636.1,2384.5,1058.80949397403,2.0230978643892734,-1.0,-132.0,218.0,-1422.2999999999884,119064.10000000031,5353.4390941196,-5738.099725660214
2021-08-10,3637.2,2381.8,1062.8277931421026,2.003861757473853,-1.0,-132.0,218.0,-733.7999999999483,118330.30000000037,5353.4390941196,-5738.099725660214
2021-08-11,3625.5,2390.45,1041.778427288832,1.6460680460270019,-1.0,-133.0,217.0,3430.0999999998967,121760.40000000026,5353.4390941196,-5738.099725660214
2021-08-12,3620.8,2392.3,1035.0788519329299,1.475330091915513,-1.0,-133.0,217.0,1026.5500000000548,122786.95000000032,5353.4390941196,-5738.099725660214
2021-08-13,3579.55,2404.5,980.6424630994152,0.7843649852647744,-1.0,-134.0,216.0,8133.6499999999605,130920.60000000028,5353.4390941196,-5738.099725660214
2021-08-16,3655.3,2426.4,1032.7218142917113,1.350695088612466,-1.0,-131.0,214.0,-5420.09999999998,125500.5000000003,5353.4390941196,-5738.099725660214
2021-08-17,3696.5,2483.8,1011.8809356815664,1.0222379322404616,-1.0,-130.0,209.0,6886.400000000043,132386.90000000034,5353.4390941196,-5738.099725660214
2021-08-18,3720.75,2486.05,1033.6990197081723,1.2037285075705508,-1.0,-129.0,209.0,-2682.25,129704.65000000034,5353.4390941196,-5738.099725660214
2021-08-20,3895.95,2619.4,1064.7674663516768,1.4730728100038442,-1.0,-123.0,198.0,5269.350000000006,134974.00000000035,5353.4390941196,-5738.099725660214
2021-08-23,3866.25,2634.15,1019.1249060816485,0.8637690993617894,-1.0,-124.0,197.0,6573.599999999978,141547.60000000033,5353.4390941196,-5738.099725660214
2021-08-24,3812.2,2633.0,966.3178853569384,0.21696499749429599,-1.0,-126.0,197.0,6475.650000000004,148023.25000000032,5353.4390941196,-5738.099725660214
2021-08-25,3842.8,2645.0,983.94766683217,0.37381945815253514,-1.0,-125.0,196.0,-1491.6000000000454,146531.65000000029,5353.4390941196,-5738.099725660214
2021-08-26,3930.9,2666.4,1048.917443796332,1.1021435383286131,-1.0,-122.0,195.0,-6818.099999999971,139713.5500000003,5353.4390941196,-5738.099725660214
2021-08-27,3941.55,2677.95,1047.083608466242,1.0111986543432046,-1.0,-122.0,194.0,952.9499999999352,140666.50000000023,5353.4390941196,-5738.099725660214
2021-08-30,3986.35,2687.7,1081.345305914867,1.3613869617661434,-1.0,-121.0,193.0,-3574.0999999999667,137092.40000000026,5353.4390941196,-5738.099725660214
2021-08-31,3997.5,2724.1,1053.152309723068,0.9334800263464672,-1.0,-120.0,191.0,5676.050000000007,142768.45000000027,5353.4390941196,-5738.099725660214
2021-09-01,4015.35,2732.9,1061.4908161382368,0.9901797044998273,-1.0,-120.0,190.0,-461.19999999995434,142307.25000000032,5353.4390941196,-5738.099725660214
2021-09-02,4086.1,2801.05,1058.5807834329862,0.8987014834251649,-1.0,-118.0,185.0,4458.500000000016,146765.75000000035,5353.4390941196,-5738.099725660214
2021-09-03,4124.2,2766.7,1133.808033960138,2.0080201267697797,-1.0,-117.0,188.0,-10850.550000000057,135915.2000000003,5353.4390941196,-5738.099725660214
2021-09-06,4079.05,2780.6,1073.6341975022806,0.9886896682434198,-1.0,-118.0,187.0,7895.7499999999745,143810.95000000027,5353.4390941196,-5738.099725660214
2021-09-07,4095.45,2777.7,1093.1686669790993,1.2513118310981877,-1.0,-117.0,187.0,-2477.499999999974,141333.4500000003,5353.4390941196,-5738.099725660214
2021-09-08,4061.4,2800.9,1034.0429111645462,0.22190516105778335,-1.0,-118.0,185.0,8322.25000000002,149655.70000000033,5353.4390941196,-5738.099725660214
2021-09-09,4070.8,2810.65,1032.9046086131716,0.14923893145913678,0.0,0.0,-0.0,-305.45000000001073,149350.25000000032,5353.4390941196,-5738.099725660214
2021-09-13,4093.85,2786.35,1082.2193011258287,1.0165766080974619,0.0,0.0,-0.0,0.0,149350.25000000032,5353.4390941196,-5738.099725660214
2021-09-14,4101.5,2762.55,1115.59356786662,1.7779849468440838,-1.0,-117.0,188.0,-1000.0,148350.25000000032,5353.4390941196,-5738.099725660214
2021-09-15,4086.35,2775.45,1086.500582952494,1.1028273660492307,-1.0,-118.0,187.0,4197.749999999942,152548.00000000026,5353.4390941196,-5738.099725660214
2021-09-16,4073.05,2768.25,1080.9827140673551,0.8956119504691216,-1.0,-118.0,188.0,223.00000000000182,152771.00000000026,5353.4390941196,-5738.099725660214
2021-09-17,4051.85,2722.25,1109.5018850789693,1.6001902210911718,-1.0,-119.0,191.0,-6146.399999999968,146624.6000000003,5353.4390941196,-5738.099725660214
2021-09-20,4084.5,2800.35,1057.7373795135982,0.1257470753444795,0.0,0.0,-0.0,10031.74999999997,156656.35000000027,5353.4390941196,-5738.099725660214
2021-09-21,4075.55,2812.45,1035.7090758344561,-0.4472476664648122,0.0,0.0,-0.0,-0.0,156656.35000000027,5353.4390941196,-5738.099725660214
2021-09-22,4058.5,2784.5,1048.8688764817302,-0.09763039533552312,0.0,0.0,-0.0,0.0,156656.35000000027,5353.4390941196,-5738.099725660214
2021-09-23,4042.35,2782.3,1035.0967498779378,-0.4495711913836676,0.0,0.0,-0.0,0.0,156656.35000000027,5353.4390941196,-5738.099725660214
2021-09-24,4042.9,2746.65,1074.1791074119392,0.5967803559551521,0.0,0.0,-0.0,0.0,156656.35000000027,5353.4390941196,-5738.099725660214
2021-09-27,4009.6,2709.5,1081.0327422615364,0.7442116633706825,0.0,0.0,-0.0,0.0,156656.35000000027,5353.4390941196,-5738.099725660214
2021-09-28,4003.65,2723.85,1059.5725226090003,0.14536842540223946,0.0,0.0,-0.0,-0.0,156656.35000000027,5353.4390941196,-5738.099725660214
2021-09-29,3972.75,2685.3,1070.3393496198205,0.3811755570178754,0.0,0.0,-0.0,0.0,156656.35000000027,5353.4390941196,-5738.099725660214
2021-09-30,3948.95,2701.8,1028.7052991482628,-0.8120885140545023,0.0,0.0,-0.0,-0.0,156656.35000000027,5353.4390941196,-5738.099725660214
2021-10-01,3921.1,2704.05,998.4233831748688,-1.701040209667693,1.0,123.0,-192.0,-1000.0,155656.35000000027,5353.4390941196,-5738.099725660214
2021-10-04,3892.9,2686.2,989.5165832304633,-1.8463551160242595,1.0,123.0,-193.0,-41.39999999990778,155614.95000000036,5353.4390941196,-5738.099725660214
2021-10-05,3882.2,2708.65,954.5514660737072,-2.5910913655474803,1.0,124.0,-192.0,-5648.950000000086,149966.00000000026,5353.4390941196,-5738.099725660214
2021-10-06,3938.6,2686.05,1035.378710962022,-0.4059798629348937,1.0,122.0,-193.0,11332.799999999996,161298.80000000025,5353.4390941196,-5738.099725660214
2021-10-07,3900.6,2669.4,1015.3748891651394,-1.0062985137626164,1.0,123.0,-195.0,-1422.5499999999824,159876.25000000026,5353.4390941196,-5738.099725660214
2021-10-08,3883.3,2640.05,1029.7978819736368,-0.6932107677441246,1.0,124.0,-197.0,3595.3500000000154,163471.60000000027,5353.4390941196,-5738.099725660214
2021-10-11,3840.6,2645.1,981.6395816777967,-1.9400131369519176,1.0,125.0,-196.0,-6289.64999999998,157181.9500000003,5353.4390941196,-5738.099725660214
2021-10-12,3867.95,2676.15,975.4291412449566,-1.929345243727455,1.0,124.0,-194.0,-2667.050000000047,154514.90000000026,5353.4390941196,-5738.099725660214
2021-10-13,3883.7,2646.75,1022.956176630641,-0.629254692745839,1.0,124.0,-196.0,7656.600000000019,162171.50000000026,5353.4390941196,-5738.099725660214
2021-10-14,3894.85,2649.55,1031.0797923081946,-0.41071291532437154,1.0,123.0,-196.0,833.7999999999756,163005.30000000025,5353.4390941196,-5738.099725660214
2021-10-18,3837.35,2654.0,968.7700029385928,-1.849201942414898,1.0,125.0,-196.0,-7944.699999999964,155060.6000000003,5353.4390941196,-5738.099725660214
2021-10-19,3795.9,2546.8,1043.1872884265294,-0.030367418160559094,0.0,0.0,-0.0,14829.949999999986,169890.55000000028,5353.4390941196,-5738.099725660214
2021-10-20,3762.0,2478.65,1082.94732113178,0.9954613880434685,0.0,0.0,-0.0,0.0,169890.55000000028,5353.4390941196,-5738.099725660214
2021-10-21,3714.35,2445.75,1070.8573369205214,0.6927313593995437,0.0,0.0,-0.0,0.0,169890.55000000028,5353.4390941196,-5738.099725660214
2021-10-22,3690.0,2454.1,1037.4822265303696,-0.0878614749700641,0.0,0.0,-0.0,-0.0,169890.55000000028,5353.4390941196,-5738.099725660214
2021-10-25,3631.05,2455.85,976.6407363288413,-1.570256196095931,1.0,132.0,-212.0,-1000.0,168890.55000000028,5353.4390941196,-5738.099725660214
2021-10-26,3692.8,2436.85,1058.9269156597256,0.45813270448994436,0.0,0.0,-0.0,11179.0,180069.55000000028,5353.4390941196,-5738.099725660214
2021-10-27,3697.85,2396.6,1107.4811902948877,1.634577213396273,-1.0,-130.0,217.0,-1000.0,179069.55000000028,5353.4390941196,-5738.099725660214
2021-10-28,3681.9,2389.65,1099.0431085238165,1.4577368657601109,-1.0,-131.0,217.0,565.3500000000158,179634.90000000029,5353.4390941196,-5738.099725660214
2021-10-29,3675.75,2393.15,1089.1101281207589,1.1933539178657684,-1.0,-131.0,217.0,1565.150000000012,181200.0500000003,5353.4390941196,-5738.099725660214
2021-11-01,3678.15,2407.1,1076.4322490857153,0.8804084167962967,-1.0,-131.0,216.0,2712.749999999949,183912.80000000025,5353.4390941196,-5738.099725660214
2021-11-02,3682.9,2418.9,1068.4282008696919,0.7442048587052749,-1.0,-130.0,215.0,1926.5500000000393,185839.3500000003,5353.4390941196,-5738.099725660214
2021-11-03,3629.85,2411.35,1023.5386300248592,-0.35595802828228296,0.0,0.0,-0.0,4273.2499999999845,190112.60000000027,5353.4390941196,-5738.099725660214
2021-11-04,3652.6,2422.85,1033.8588372719555,-0.09591571977507668,0.0,0.0,-0.0,0.0,190112.60000000027,5353.4390941196,-5738.099725660214
2021-11-08,3717.7,2431.9,1089.177130801192,1.254986957955562,0.0,0.0,-0.0,0.0,190112.60000000027,5353.4390941196,-5738.099725660214
2021-11-09,3621.6,2431.15,993.8877694589901,-1.0674643156588486,0.0,0.0,-0.0,0.0,190112.60000000027,5353.4390941196,-5738.099725660214
2021-11-10,3698.5,2400.15,1104.2941673146433,1.5915510605665315,-1.0,-130.0,216.0,-1000.0,189112.60000000027,5353.4390941196,-5738.099725660214
2021-11-11,3643.4,2376.2,1075.0805617869955,0.866912036242492,-1.0,-132.0,219.0,1989.7999999999292,191102.4000000002,5353.4390941196,-5738.099725660214
2021-11-12,3687.95,2404.95,1088.5560799047362,1.1540714635805736,-1.0,-130.0,216.0,415.650000000036,191518.05000000022,5353.4390941196,-5738.099725660214
2021-11-15,3742.6,2424.75,1121.8052193388671,1.87053198705826,-1.0,-128.0,214.0,-2827.6999999999725,188690.35000000024,5353.4390941196,-5738.099725660214
2021-11-16,3690.75,2406.65,1089.5186322803938,1.020674625960389,-1.0,-130.0,216.0,2763.400000000008,191453.75000000023,5353.4390941196,-5738.099725660214
2021-11-17,3615.05,2391.15,1030.5718312082204,-0.29518250395342654,0.0,0.0,-0.0,5492.999999999976,196946.7500000002,5353.4390941196,-5738.099725660214
2021-11-18,3571.6,2399.4,978.2048059724416,-1.4679045171831646,0.0,0.0,-0.0,-0.0,196946.7500000002,5353.4390941196,-5738.099725660214
2021-11-22,3581.6,2388.55,999.9320452219199,-1.0461931003428029,0.0,0.0,-0.0,0.0,196946.7500000002,5353.4390941196,-5738.099725660214
2021-11-23,3662.15,2394.2,1074.3752339998418,0.636400382377665,0.0,0.0,-0.0,0.0,196946.7500000002,5353.4390941196,-5738.099725660214
2021-11-24,3623.35,2374.75,1056.5977965254046,0.2020576472940351,0.0,0.0,-0.0,0.0,196946.7500000002,5353.4390941196,-5738.099725660214
2021-11-25,3573.4,2349.05,1034.4256811992846,-0.30715395056188044,0.0,0.0,-0.0,0.0,196946.7500000002,5353.4390941196,-5738.099725660214
2021-11-26,3555.3,2335.1,1031.4035602343292,-0.42879309846999003,0.0,0.0,-0.0,0.0,196946.7500000002,5353.4390941196,-5738.099725660214
2021-11-29,3528.6,2329.4,1010.8644140335937,-0.992254801194634,0.0,0.0,-0.0,0.0,196946.7500000002,5353.4390941196,-5738.099725660214
2021-11-30,3545.5,2317.55,1040.5725048268032,-0.2628667540454869,0.0,0.0,-0.0,0.0,196946.7500000002,5353.4390941196,-5738.099725660214
2021-12-01,3535.25,2344.85,1000.8152576829543,-1.2261921895867027,0.0,0.0,-0.0,-0.0,196946.7500000002,5353.4390941196,-5738.099725660214
2021-12-02,3578.5,2383.3,1002.5065158265065,-1.2670671763973083,0.0,0.0,-0.0,0.0,196946.7500000002,5353.4390941196,-5738.099725660214
2021-12-03,3553.75,2343.65,1020.6122795354308,-0.7585528163877183,0.0,0.0,-0.0,0.0,196946.7500000002,5353.4390941196,-5738.099725660214
2021-12-06,3496.2,2306.5,1003.2159143850281,-1.1356243601741196,0.0,0.0,-0.0,0.0,196946.7500000002,5353.4390941196,-5738.099725660214
2021-12-07,3474.2,2321.6,964.8950560746939,-1.9891267008404068,1.0,138.0,-224.0,-1000.0,195946.7500000002,5353.4390941196,-5738.099725660214
2021-12-08,3575.75,2340.6,1045.9088767438097,0.024600790534206243,0.0,0.0,-0.0,8757.900000000025,204704.65000000023,5353.4390941196,-5738.099725660214
2021-12-09,3623.9,2339.75,1094.977600555981,1.1363215543489196,0.0,0.0,-0.0,0.0,204704.65000000023,5353.4390941196,-5738.099725660214
2021-12-10,3632.45,2332.8,1111.039518784909,1.4596619278873673,0.0,0.0,-0.0,0.0,204704.65000000023,5353.4390941196,-5738.099725660214
2021-12-13,3588.75,2304.35,1098.0897452040494,1.1507959990786405,0.0,0.0,-0.0,0.0,204704.65000000023,5353.4390941196,-5738.099725660214
2021-12-14,3579.65,2318.3,1073.9118661690054,0.5914859913163408,0.0,0.0,-0.0,-0.0,204704.65000000023,5353.4390941196,-5738.099725660214
2021-12-15,3541.6,2320.95,1032.997609578119,-0.3495122373793178,0.0,0.0,-0.0,-0.0,204704.65000000023,5353.4390941196,-5738.099725660214
2021-12-16,3560.6,2309.5,1064.3733597538358,0.42207471059808993,0.0,0.0,-0.0,0.0,204704.65000000023,5353.4390941196,-5738.099725660214
2021-12-17,3536.15,2230.25,1125.580844594498,1.8710490416319798,-1.0,-136.0,233.0,-1000.0,203704.65000000023,5353.4390941196,-5738.099725660214
2021-12-20,3471.9,2269.1,1019.3397621205586,-0.6829847349601833,0.0,0.0,-0.0,16790.04999999998,220494.70000000022,5353.4390941196,-5738.099725660214
2021-12-21,3505.75,2272.85,1049.1365688315682,-0.0025577500111984633,0.0,0.0,-0.0,0.0,220494.70000000022,5353.4390941196,-5738.099725660214
2021-12-22,3497.0,2277.65,1035.1984814216603,-0.2882488643328752,0.0,0.0,-0.0,-0.0,220494.70000000022,5353.4390941196,-5738.099725660214
2021-12-23,3554.6,2300.65,1067.9388959158528,0.4335414980663836,0.0,0.0,-0.0,0.0,220494.70000000022,5353.4390941196,-5738.099725660214
2021-12-24,3541.3,2296.95,1058.6380466276573,0.25193180221479483,0.0,0.0,-0.0,0.0,220494.70000000022,5353.4390941196,-5738.099725660214
2021-12-27,3513.2,2301.4,1025.7282572580548,-0.5236148148928313,0.0,0.0,-0.0,-0.0,220494.70000000022,5353.4390941196,-5738.099725660214
2021-12-28,3550.65,2309.1,1054.8557003713286,0.22919261051206966,0.0,0.0,-0.0,0.0,220494.70000000022,5353.4390941196,-5738.099725660214
2021-12-29,3559.6,2306.85,1066.2376163447225,0.5976636956439133,0.0,0.0,-0.0,0.0,220494.70000000022,5353.4390941196,-5738.099725660214
2021-12-30,3573.9,2325.6,1060.271649899771,0.47201073501567953,0.0,0.0,-0.0,0.0,220494.70000000022,5353.4390941196,-5738.099725660214
2021-12-31,3606.0,2360.15,1055.0282290638734,0.30654036385402395,0.0,0.0,-0.0,0.0,220494.70000000022,5353.4390941196,-5738.099725660214
